Product_Name,Revenue,Revenue_Rank
"How to Stop an Exploding Man",3.98,1
Walkabout,3.98,1
"The Woman King",3.98,1
"Phyllis's Wedding",3.98,1
"The Fix",3.98,1
"Hot Girl",3.98,1
Pilot,3.98,1
"Gay Witch Hunt",3.98,1
"Ji Yeon",1.99,9
Adrift,1.99,9
"The Carpet",1.99,9
Hero,1.99,9
"Baltar's Escape",1.99,9
"Par Avion",1.99,9
"The Beginning of the End",1.99,9
Parasite,1.99,9
"Email Surveillance",1.99,9
"Greetings from Earth, Pt. 1",1.99,9
"Enter 77",1.99,9
"Safety Training",1.99,9
Distractions,1.99,9
"Exodus (Part 2) [Season Finale]",1.99,9
"The Dundies",1.99,9
"The Living Legend, Pt. 2",1.99,9
"Stranger In a Strange Land",1.99,9
"Producer's Cut: The Return",1.99,9
"Seven Minutes to Midnight",1.99,9
"Born to Run",1.99,9
"Diversity Day",1.99,9
"The Magnificent Warriors",1.99,9
"Lost Survival Guide",1.99,9
"A Benihana Christmas, Pts. 1 & 2",1.99,9
"Better Halves",1.99,9
S.O.S.,1.99,9
"The Hard Part",1.99,9
Collaborators,1.99,9
"The Gun On Ice Planet Zero, Pt. 1",1.99,9
"The Moth",1.99,9
"Branch Closing",1.99,9
Genesis,1.99,9
Dave,1.99,9
"Something Nice Back Home",1.99,9
"Exodus, Pt. 1",1.99,9
"The Lost Warrior",1.99,9
"House of the Rising Sun",1.99,9
"The Initiation",1.99,9
"Crossroads, Pt. 1",1.99,9
"Through the Looking Glass, Pt. 1",1.99,9
"The Whole Truth",1.99,9
"Lost Planet of the Gods, Pt. 1",1.99,9
"The Convention",1.99,9
"The Hand of God",1.99,9
Homecoming,1.99,9
"Meet Kevin Johnson",1.99,9
"Battlestar Galactica, Pt. 1",1.99,9
"The Glass Ballerina",1.99,9
"Michael's Birthday",1.99,9
"Unfinished Business",1.99,9
"Experiment In Terra",1.99,9
"The Long Con",1.99,9
"The Economist",1.99,9
"Through a Looking Glass",1.99,9
"Man of Science, Man of Faith (Premiere)",1.99,9
"Christmas Party",1.99,9
"Greetings from Earth, Pt. 2",1.99,9
"Fire + Water",1.99,9
"Past, Present, and Future",1.99,9
"The Job",1.99,9
"Company Man",1.99,9
Halloween,1.99,9
"War of the Gods, Pt. 2",1.99,9
"The 23rd Psalm",1.99,9
"Branch Closing",1.99,9
"Live Together, Die Alone, Pt. 1",1.99,9
"The Living Legend, Pt. 1",1.99,9
Solitary,1.99,9
"Back from Vacation",1.99,9
"Nothing to Hide",1.99,9
""?"",1.99,9
"The Man Behind the Curtain",1.99,9
"The Gun On Ice Planet Zero, Pt. 2",1.99,9
"The Other 48 Days",1.99,9
"The Convict",1.99,9
"One Giant Leap",1.99,9
"Deus Ex Machina",1.99,9
"There's No Place Like Home, Pt. 3",1.99,9
"Exodus, Pt. 2",1.99,9
"The Long Patrol",1.99,9
"I Do",1.99,9
Diwali,1.99,9
"Crossroads, Pt. 2",1.99,9
Catch-22,1.99,9
"Occupation / Precipice",1.99,9
"Lost Planet of the Gods, Pt. 2",1.99,9
"...And Found",1.99,9
"The Coup",1.99,9
"A Day In the Life",1.99,9
Outlaws,1.99,9
"Battlestar Galactica, Pt. 2",1.99,9
Orientation,1.99,9
"The Passage",1.99,9
"Take the Celestra",1.99,9
Exposé,1.99,9
"Não Quero Dinheiro",1.98,104
"Blood Brothers",1.98,104
Snowblind,1.98,104
"Rock And Roll All Nite",1.98,104
"The Aftermath",1.98,104
"Down by the Sea",1.98,104
"Stir It Up (Live)",1.98,104
Meditação,1.98,104
"Red Light",1.98,104
"Whatever It Is, I Just Can't Stop",1.98,104
"Tempo Perdido",1.98,104
"Meu Erro",1.98,104
Undertow,1.98,104
"The Midnight Special",1.98,104
"Esporrei Na Manivela",1.98,104
"She Loves Me Not",1.98,104
"Where Eagles Dare",1.98,104
"Calling Dr. Love",1.98,104
"Nebulosa Do Amor",1.98,104
"Times Like These",1.98,104
Overdose,1.98,104
"Sangue Latino",1.98,104
"Suite No. 3 in D, BWV 1068: III. Gavotte I & II",1.98,104
"For Your Life",1.98,104
"Falamansa Song",1.98,104
"O Pulso",1.98,104
"Walter's Walk",1.98,104
"The Star Spangled Banner",1.98,104
"Beira Mar",1.98,104
"Living Loving Maid (She's Just A Woman)",1.98,104
"Drum Boogie",1.98,104
"Run Silent Run Deep",1.98,104
Question!,1.98,104
"J Squared",1.98,104
"For Whom The Bell Tolls",1.98,104
"Sure Know Something",1.98,104
"Scheherazade, Op. 35: I. The Sea and Sindbad's Ship",1.98,104
"Can I Play With Madness",1.98,104
"Country Feedback",1.98,104
"Phantom Lord",1.98,104
"Geni E O Zepelim",1.98,104
"Rappers Reais",1.98,104
"L'Arc En Ciel De Miles",1.98,104
Untitled,1.98,104
"Smoke On The Water",1.98,104
"Onde Anda Você",1.98,104
"The Garden",1.98,104
"Plaster Caster",1.98,104
Esquinas,1.98,104
"Mama, I'm Coming Home",1.98,104
"Comportamento Geral",1.98,104
"Sunday Bloody Sunday",1.98,104
"Travis Walk",1.98,104
Re-Align,1.98,104
Moonchild,1.98,104
Rehab,1.98,104
"Lamento De Carnaval",1.98,104
Mel,1.98,104
"Light Years",1.98,104
Battery,1.98,104
"Year to the Day",1.98,104
"Abraham, Martin And John",1.98,104
"Hey America",1.98,104
"Heaven Coming Down",1.98,104
Motorbreath,1.98,104
Eruption,1.98,104
"Maybe I'm A Leo",1.98,104
"Pela Luz dos Olhos Teus (Miúcha e Tom Jobim)",1.98,104
"Saber Amar",1.98,104
"Dois Pra Lá, Dois Pra Cá",1.98,104
"Don't Look Now",1.98,104
"Tanto Tempo",1.98,104
"A Novidade (Live)",1.98,104
"I Believe",1.98,104
"Mis Penas Lloraba Yo (Ao Vivo) Soy Gitano (Tangos)",1.98,104
"Soldier Side - Intro",1.98,104
"The Last Song",1.98,104
Gangland,1.98,104
"Sun King",1.98,104
"In The Evening",1.98,104
Snowballed,1.98,104
"Morena De Angola",1.98,104
"Bron-Y-Aur Stomp",1.98,104
"Don't Take Your Love From Me",1.98,104
"When I Look At The World",1.98,104
"The Number Of The Beast",1.98,104
"Train In Vain",1.98,104
"Linha Do Equador",1.98,104
"Boris The Spider",1.98,104
"Hallowed Be Thy Name",1.98,104
"War Pigs",1.98,104
"What A Day",1.98,104
"Better Than You",1.98,104
"Lixo Do Mangue",1.98,104
"Romance Ideal",1.98,104
"Binky The Doormat",1.98,104
"Sunshine Of Your Love",1.98,104
"Whiskey In The Jar",1.98,104
Caffeine,1.98,104
"Lemon Drop",1.98,104
Breakdown,1.98,104
Azul,1.98,104
"Toda Cor",1.98,104
"Ando Meio Desligado",1.98,104
"Dazed and Confused",1.98,104
"Give Me Novacaine",1.98,104
"You've Got Another Thing Comin'",1.98,104
"City Of Blinding Lights",1.98,104
"A Melhor Forma",1.98,104
"Living On Love",1.98,104
Saturnine,1.98,104
"Dancing Days",1.98,104
"You Better You Bet",1.98,104
"Basket Case",1.98,104
Cornucopia,1.98,104
Açai,1.98,104
"Judgement Of Heaven",1.98,104
"So Central Rain",1.98,104
Babylon,1.98,104
"I'm Going Slightly Mad",1.98,104
"The House Jack Built",1.98,104
Eruption,1.98,104
"Right On Time",1.98,104
"Susie Q",1.98,104
"Balls to the Wall",1.98,104
"Don't Look To The Eyes Of A Stranger",1.98,104
"Só Tinha De Ser Com Você",1.98,104
"C'est La Vie",1.98,104
"No No No",1.98,104
"Rocket Queen",1.98,104
Miami,1.98,104
"Real Love",1.98,104
"Is This Love (Live)",1.98,104
"Two Hearts Beat As One",1.98,104
"Woman Of The World (Ao Vivo)",1.98,104
"Folhas Secas",1.98,104
Gyroscope,1.98,104
"Beautiful Boy",1.98,104
Holiday,1.98,104
"Under The Bridge",1.98,104
"Welcome Home (Sanitarium)",1.98,104
"Hallelujah Here She Comes",1.98,104
"The Clairvoyant",1.98,104
"Speed Of Light",1.98,104
"Chemical Wedding",1.98,104
"Bumbo Da Mangueira",1.98,104
"Ramble On",1.98,104
"Not The Doctor",1.98,104
"Leper Messiah",1.98,104
"Title Song",1.98,104
"A Cor Do Sol",1.98,104
"Sweet Hitch-Hiker",1.98,104
"Norwegian Wood",1.98,104
Promises,1.98,104
Easy,1.98,104
"Amor De Muito",1.98,104
"Nega Do Cabelo Duro",1.98,104
"Everlasting Love",1.98,104
"As Rosas Não Falam (Beth Carvalho)",1.98,104
"The Duke",1.98,104
"Pretty Noose",1.98,104
"Blue Rythm Fantasy",1.98,104
"Revolta Olodum",1.98,104
"Violent Pornography",1.98,104
Compadre,1.98,104
"Garden of Eden",1.98,104
"Lugar Nenhum",1.98,104
"The Prisoner",1.98,104
"Bullet With Butterfly Wings",1.98,104
"When My Left Eye Jumps",1.98,104
"I'm Gonna Crawl",1.98,104
"Meu Caro Amigo",1.98,104
"Nice Guys Finish Last",1.98,104
Voodoo,1.98,104
"Last Cup Of Sorrow",1.98,104
"Big Wave",1.98,104
"String Quartet No. 12 in C Minor, D. 703 "Quartettsatz": II. Andante - Allegro assai",1.98,104
"Shock Me",1.98,104
"We Are The Champions",1.98,104
Álibi,1.98,104
"Flying High Again",1.98,104
"Save The Children",1.98,104
"Cherub Rock",1.98,104
"Lay Down Sally",1.98,104
"Plot 180",1.98,104
Selvagem,1.98,104
Comida,1.98,104
"Bowels Of The Devil",1.98,104
"Pride (In The Name Of Love)",1.98,104
"How Many More Times",1.98,104
"Dirty Day",1.98,104
"Nossa Gente (Avisa Là)",1.98,104
Whatsername,1.98,104
Tear,1.98,104
Surrender,1.98,104
"Mr. Cab Driver",1.98,104
Brasil,1.98,104
Release,1.98,104
"Give Peace a Chance",1.98,104
"Que Luz É Essa",1.98,104
"Por Causa De Você",1.98,104
"Música No Ar",1.98,104
"Get Up",1.98,104
"Symphonie Fantastique, Op. 14: V. Songe d'une nuit du sabbat",1.98,104
"Tarde Em Itapoã",1.98,104
"Nothing Else Matters",1.98,104
"Fall On Me",1.98,104
"Deuces Are Wild",1.98,104
"Menino De Rua",1.98,104
"The Trooper",1.98,104
"Sure Know Something",1.98,104
L'Avventura,1.98,104
"Midnight From The Inside Out",1.98,104
"Perfect Crime",1.98,104
"Somebody To Love",1.98,104
Commotion,1.98,104
"Menestrel Das Alagoas",1.98,104
"Sweetest Thing",1.98,104
"Inject The Venom",1.98,104
"End Of Romanticism",1.98,104
"Midlife Crisis",1.98,104
"Peace On Earth",1.98,104
"Shoot Me Again",1.98,104
"All Along The Watchtower",1.98,104
"The Thin Line Between Love & Hate",1.98,104
"Bem Devagar",1.98,104
"Samba Do Lado",1.98,104
"The Unforgiven II",1.98,104
"Turbo Lover",1.98,104
"You're My Best Friend",1.98,104
"Cabeça Dinossauro",1.98,104
"For the Greater Good of God",1.98,104
"Stone Cold Crazy",1.98,104
"Aces High",1.98,104
"Mensagen De Amor (2000)",1.98,104
"When I Come Around",1.98,104
"Good Golly Miss Molly",1.98,104
"Children Of The Grave",1.98,104
"Shakes and Ladders",1.98,104
"Lonely Stranger",1.98,104
Untitled,1.98,104
"Music for the Funeral of Queen Mary: VI. "Thou Knowest, Lord, the Secrets of Our Hearts"",1.98,104
"Piece Of Pie",1.98,104
Waiting,1.98,104
"Walking Into Clarksdale",1.98,104
Starburst,1.98,104
"Samba De Orly",1.98,104
"Take It Or Leave It",1.98,104
"Minha Namorada",0.99,352
"Trac Trac",0.99,352
Longview,0.99,352
Frantic,0.99,352
Remedy,0.99,352
"14 Years",0.99,352
Firmamento,0.99,352
Brumário,0.99,352
"If You Don't Know Me By Now",0.99,352
"Seu Balancê",0.99,352
Overdrive,0.99,352
"Who Needs You",0.99,352
"The Playboy Mansion",0.99,352
Oceano,0.99,352
"Suzie-Q, Pt. 2",0.99,352
"Relvelation (Mother Earth)",0.99,352
"Era Uma Vez",0.99,352
Queixa,0.99,352
"Fast And Loose",0.99,352
"Every Breath You Take",0.99,352
"Piano Sonata No. 14 in C Sharp Minor, Op. 27, No. 2, "Moonlight": I. Adagio sostenuto",0.99,352
"The Wicker Man",0.99,352
"Vôo Sobre o Horizonte",0.99,352
[Untitled],0.99,352
"Your Time Is Gonna Come",0.99,352
"Four Sticks",0.99,352
"Talk About The Passion",0.99,352
"Hey Hey",0.99,352
"Love In An Elevator",0.99,352
Corduroy,0.99,352
"Smells Like Teen Spirit (Ao Vivo)",0.99,352
"Agora Que O Dia Acordou",0.99,352
Poeira,0.99,352
Release,0.99,352
"Symphony No. 3 Op. 36 for Orchestra and Soprano "Symfonia Piesni Zalosnych"  Lento E Largo - Tranquillissimo",0.99,352
Wrathchild,0.99,352
Headlong,0.99,352
"2 X 4",0.99,352
"No Memory",0.99,352
"Gimme Some Truth",0.99,352
"Boulevard Of Broken Dreams",0.99,352
"Mateus Enter",0.99,352
"Tea For One",0.99,352
"Naked In The Rain",0.99,352
"Humans Being",0.99,352
"Star A.D.",0.99,352
Cochise,0.99,352
"Salve Simpatia",0.99,352
"Bush Doctor",0.99,352
"The Fly",0.99,352
"King Of Dreams",0.99,352
"Banditismo Por Uma Questa",0.99,352
"I Like Dirt",0.99,352
Slither,0.99,352
"Zeca Violeiro",0.99,352
Carol,0.99,352
Cafezinho,0.99,352
"Bohemian Rhapsody",0.99,352
"Trash, Trampoline And The Party Girl",0.99,352
Animal,0.99,352
"Preciso Apender a Viver Só (Maysa)",0.99,352
"Nem 5 Minutos Guardados",0.99,352
"Only the Good Die Young",0.99,352
"Don't You Cry",0.99,352
Lament,0.99,352
"True Believers",0.99,352
"Sound of a Gun",0.99,352
"She Wears Black",0.99,352
"Communication Breakdown",0.99,352
"Panis Et Circenses",0.99,352
"Aeroplane Flies High",0.99,352
"Come Fly With Me",0.99,352
"The Tower",0.99,352
"Wearing And Tearing",0.99,352
"All I Want Is You",0.99,352
Madalena,0.99,352
"For Those About To Rock (We Salute You)",0.99,352
"The Educated Fool",0.99,352
"Most High",0.99,352
Beija-Flor,0.99,352
"Smokin' in The Boys Room",0.99,352
"You Got Me Rocking",0.99,352
"Wake Up Alone",0.99,352
"01 - Prowler",0.99,352
"Santo Antonio",0.99,352
"Last Caress/Green Hell",0.99,352
Rasul,0.99,352
Parabolicamará,0.99,352
"Sozinho (Caêdrum 'n' Bass)",0.99,352
"Moby Dick",0.99,352
"Bring Me Your Cup",0.99,352
"Wake Up",0.99,352
"Get What You Need",0.99,352
Ghost,0.99,352
"Into The Fire",0.99,352
"Opus No.1",0.99,352
"Olodum - Smile (Instrumental)",0.99,352
5.15,0.99,352
Orion,0.99,352
"Lost in Hollywood",0.99,352
"Put Your Head Out",0.99,352
"Anything Goes",0.99,352
Formosa,0.99,352
"Gostava Tanto De Você",0.99,352
"Brave New World",0.99,352
Maria,0.99,352
"Creeping Death",0.99,352
"Soul Singing",0.99,352
Coma,0.99,352
"Onde Você Mora?",0.99,352
Condição,0.99,352
"The Right Thing",0.99,352
"Faixa Amarela",0.99,352
"Evil Woman",0.99,352
"Every Time I Look At You",0.99,352
"Get Down, Make Love",0.99,352
"Last Night On Earth",0.99,352
"Um Amor Puro",0.99,352
"Someday Never Comes",0.99,352
"Mr. Crowley",0.99,352
"Amanhã Não Se Sabe",0.99,352
"Man On The Edge",0.99,352
"Voce Nao Entende Nada - Cotidiano",0.99,352
"Caso Você Queira Saber",0.99,352
"Don't Stand so Close to Me",0.99,352
"Concerto for Piano No. 2 in F Minor, Op. 21: II. Larghetto",0.99,352
"Bring Your Daughter... To The Slaughter",0.99,352
"Morro Da Casa Verde 2001",0.99,352
"Be Good Johnny",0.99,352
"Stand Inside Your Love",0.99,352
"Lamento Sertanejo",0.99,352
"Jorge Da Capadócia",0.99,352
"Stairway To Heaven",0.99,352
"Radio Free Aurope",0.99,352
"Drowning Man",0.99,352
Signe,0.99,352
"Too Young To Die",0.99,352
Sanctuary,0.99,352
"Não Sei O Que Eu Quero Da Vida",0.99,352
"Seis Da Tarde",0.99,352
Psychopomp,0.99,352
"Die With Your Boots On",0.99,352
Breakthru,0.99,352
"Metal Militia",0.99,352
"Dead And Bloated",0.99,352
Imagine,0.99,352
"Jesus Of Suburbia / City Of The Damned / I Don't Care / Dearly Beloved / Tales Of Another Broken Home",0.99,352
"Gota D'água",0.99,352
"Mellowship Slinky In B Major",0.99,352
"Right Now",0.99,352
"Get Out",0.99,352
"The Unforgiven",0.99,352
Midnight,0.99,352
"Don't Look Back",0.99,352
One,0.99,352
"A Touch Away",0.99,352
"Maracatu Atômico [Trip Hop]",0.99,352
"O Livro Dos Dias",0.99,352
Californication,0.99,352
"Fall To Pieces",0.99,352
"C'Mon Everybody",0.99,352
Equinocio,0.99,352
"Hemp Family",0.99,352
"Walk To The Water",0.99,352
"Pour Some Sugar On Me",0.99,352
"Wave (Os Cariocas)",0.99,352
"Lanterna Dos Afogados",0.99,352
"The Prophecy",0.99,352
"Into The Light",0.99,352
"My Ship",0.99,352
Nico,0.99,352
"Scar On the Sky",0.99,352
"Thinking 'Bout Tomorrow",0.99,352
"Reggae Tchan",0.99,352
"Cérebro Eletrônico",0.99,352
"Um Dia Qualquer",0.99,352
"Fly Me To The Moon",0.99,352
"King In Crimson",0.99,352
"The Wake-Up Bomb",0.99,352
"Saudosa Maloca",0.99,352
"Houses Of The Holy",0.99,352
"Same Ol' Situation",0.99,352
"Thief In The Night",0.99,352
"Back to Black",0.99,352
"Chains Of Misery",0.99,352
"Um Jantar Pra Dois",0.99,352
"The Wait",0.99,352
"Burden In My Hand",0.99,352
"Vida Boa",0.99,352
"Papeau Nuky Doe",0.99,352
"Wear You To The Ball",0.99,352
"Mouth To Mouth",0.99,352
"You Learn",0.99,352
"Are You Gonna Be My Girl",0.99,352
"Can't Keep",0.99,352
"Child In Time",0.99,352
"Reggae Odoyá",0.99,352
"Won't Get Fooled Again (Full Length Version)",0.99,352
"Shout It Out Loud",0.99,352
"Disposable Heroes",0.99,352
"Tease Me Please Me",0.99,352
"Paradise City",0.99,352
"Canto De Ossanha",0.99,352
"Vamo Batê Lata",0.99,352
"Réu Confesso",0.99,352
"The Wicker Man",0.99,352
"High Head Blues",0.99,352
"Chega no Suingue",0.99,352
"Don't Damn Me",0.99,352
Pensamento,0.99,352
Honolulu,0.99,352
"Just Ain't Good Enough",0.99,352
"The Deeper The Love",0.99,352
"Virginia Moon",0.99,352
"The Beginning...At Last",0.99,352
"Spread Your Wings",0.99,352
"If God Will Send His Angels",0.99,352
Lilás,0.99,352
"Hey Tonight",0.99,352
"Crazy Train",0.99,352
"Sua Impossivel Chance",0.99,352
"Sign Of The Cross",0.99,352
"Um Indio",0.99,352
Idolatrada,0.99,352
Roxanne,0.99,352
"Leandro De Itaquera 2001",0.99,352
"Heavy Love Affair",0.99,352
Eye,0.99,352
"Assum Preto",0.99,352
"Leave My Girl Alone",0.99,352
"Black Dog",0.99,352
"New Year's Day",0.99,352
"Let It Grow",0.99,352
"Dog Eat Dog",0.99,352
"I'm Real",0.99,352
"Murders In The Rue Morgue",0.99,352
"Música Urbana 2",0.99,352
"Entre E Ouça",0.99,352
"Territorial Pissings",0.99,352
"Paint It Black",0.99,352
"Sonata for Solo Violin: IV: Presto",0.99,352
"Run To The Hills",0.99,352
Innuendo,0.99,352
Scratch-N-Sniff,0.99,352
Imagine,0.99,352
"I Am",0.99,352
"Sick Again",0.99,352
"Suck My Kiss",0.99,352
Panama,0.99,352
"Midnight Cowboy",0.99,352
"Canta, Canta Mais",0.99,352
"Satch Boogie",0.99,352
"Elderly Woman Behind The Counter In A Small Town",0.99,352
"Sometimes I Feel Like Screaming",0.99,352
"Criança De Domingo",0.99,352
Leila,0.99,352
"Parallel Universe",0.99,352
"Do It For The Kids",0.99,352
"The Morning After",0.99,352
Money,0.99,352
"No Futuro",0.99,352
"Dancing Barefoot",0.99,352
"A Twist In The Tail",0.99,352
"Romaria (Renato Teixeira)",0.99,352
Óculos,0.99,352
Família,0.99,352
"The Evil That Men Do",0.99,352
Minority,0.99,352
"To Live Is To Die",0.99,352
"Take The Power",0.99,352
"Safe and Sound",0.99,352
"Levada do Amor (Ailoviu)",0.99,352
"Childhoods End?",0.99,352
"Garota Nacional",0.99,352
"Summer Love",0.99,352
"Evil Dick",0.99,352
"We're Gonna Groove",0.99,352
Heartland,0.99,352
"Me Deixas Louca",0.99,352
"Kickstart My Heart",0.99,352
"Saint Of Me",0.99,352
"Me & Mr. Jones",0.99,352
"Fear Is The Key",0.99,352
"Abrir A Porta",0.99,352
Helpless,0.99,352
"Black Hole Sun",0.99,352
Realce,0.99,352
Odara,0.99,352
"The Lemon Song",0.99,352
"Infeliz Natal",0.99,352
"Homely Girl",0.99,352
"Naked In Front Of The Computer",0.99,352
"Right Through You",0.99,352
"Journey To Arnhemland",0.99,352
Gone,0.99,352
"Love Child",0.99,352
"Going Down / Highway Star",0.99,352
"Jeito Faceiro",0.99,352
"The Seeker",0.99,352
"Fates Warning",0.99,352
She,0.99,352
"The Thing That Should Not Be",0.99,352
Radio/Video,0.99,352
"Still Loving You",0.99,352
"Out Ta Get Me",0.99,352
"Brasília 5:31",0.99,352
"Cristina Nº 2",0.99,352
"Rime of the Ancient Mariner",0.99,352
"As We Sleep",0.99,352
Attitude,0.99,352
"Girl From A Pawnshop",0.99,352
Armadura,0.99,352
"Já Foi",0.99,352
Believe,0.99,352
"Santana Jam",0.99,352
"Now You're Gone",0.99,352
"Friend Of A Friend",0.99,352
"Heart Of Gold",0.99,352
"Sheer Heart Attack",0.99,352
"Do You Feel Loved",0.99,352
"Run Through The Jungle",0.99,352
"Sonifera Ilha",0.99,352
"The Number Of The Beast",0.99,352
"Saudade Dos Aviões Da Panair (Conversando No Bar)",0.99,352
"Back Door Man",0.99,352
"Jupiter, the Bringer of Jollity",0.99,352
"2 Minutes To Midnight",0.99,352
"Gavioes 2001",0.99,352
"You Sure Love To Ball",0.99,352
Disarm,0.99,352
"Esperando Na Janela",0.99,352
"Stone Crazy",0.99,352
"All My Love",0.99,352
Endgame,0.99,352
"Knockin On Heavens Door",0.99,352
Spellbound,0.99,352
"It's Too Funky In Here",0.99,352
"Theme From The Swan",0.99,352
"Você Passa, Eu Acho Graça (Ao Vivo)",0.99,352
Primavera,0.99,352
"In Bloom",0.99,352
"Waiting On A Sign",0.99,352
Slowness,0.99,352
Powerslave,0.99,352
"I Want It All",0.99,352
"(Anesthesia) Pulling Teeth",0.99,352
"Gimme Some Truth",0.99,352
"Com Açúcar E Com Afeto",0.99,352
"Night Flight",0.99,352
"The Power Of Equality",0.99,352
Unchained,0.99,352
"Be Aggressive",0.99,352
Angela,0.99,352
"Highway Chile",0.99,352
Dissident,0.99,352
"Space Truckin'",0.99,352
"Surprise! You're Dead!",0.99,352
"Yesterday To Tomorrow",0.99,352
"Sem Sentido",0.99,352
Bossa,0.99,352
"Sweetest Thing",0.99,352
"Lick It Up",0.99,352
"Coração do Agreste (Fafá de Belém)",0.99,352
"O Amor Nao Sabe Esperar",0.99,352
"Go Back",0.99,352
Redundant,0.99,352
"Harvester Of Sorrow",0.99,352
"Rock The Casbah",0.99,352
"Four Walled World",0.99,352
"Magnetic Ocean",0.99,352
TriboTchan,0.99,352
"Heart Of Lothian: Wide Boy / Curtain Call",0.99,352
Ali,0.99,352
"I Get A Kick Out Of You",0.99,352
"KKK Bitch",0.99,352
"Whole Lotta Love (Medley)",0.99,352
Hairshirt,0.99,352
"Love Rescue Me",0.99,352
Romaria,0.99,352
"Meu Refrigerador Não Funciona",0.99,352
"A Moça e a Chuva",0.99,352
"Gimmie Shelters",0.99,352
"Age Of Innocence",0.99,352
"Linha Do Horizonte",0.99,352
"My Friend Of Misery",0.99,352
Spoonman,0.99,352
"Whole Lotta Love",0.99,352
"The Finest Worksong",0.99,352
"The Wanderer",0.99,352
Stripsearch,0.99,352
"All I Really Want",0.99,352
"Severed Hand",0.99,352
"I Need Love",0.99,352
"Black Satin",0.99,352
"Todo Amor (Asas Da Liberdade)",0.99,352
"Magic Bus",0.99,352
"Pini Di Roma (Pinien Von Rom)  I Pini Della Via Appia",0.99,352
"Holy Smoke",0.99,352
"Goin' Blind",0.99,352
Revenga,0.99,352
"The Zoo",0.99,352
"Welcome to the Jungle",0.99,352
"Sangue De Bairro",0.99,352
"Soul Parsifal",0.99,352
"On Mercury",0.99,352
Valentino's,0.99,352
"Prince Charming",0.99,352
"Cursed Diamonds",0.99,352
"Um Lugar ao Sol",0.99,352
"Back off Bitch",0.99,352
Extra,0.99,352
"American Woman",0.99,352
"La Puesta Del Sol",0.99,352
"Here I Go Again",0.99,352
Still,0.99,352
A.N.D.R.O.T.A.Z.,0.99,352
"Tyrant (Live)",0.99,352
"We Will Rock You",0.99,352
Yahweh,0.99,352
Cigano,0.99,352
"Who'll Stop The Rain",0.99,352
"I Don't Know",0.99,352
"Polícia (Vinheta)",0.99,352
Invaders,0.99,352
"Lindo Lago Do Amor",0.99,352
"Maria, Maria",0.99,352
"The Crystal Ship",0.99,352
"Die Walküre: The Ride of the Valkyries",0.99,352
"Where Eagles Dare",0.99,352
"Man With The Woman Head",0.99,352
Drown,0.99,352
"Divirta-Se (Saindo Da Sua)",0.99,352
"First Time I Met The Blues",0.99,352
"Hot Dog",0.99,352
"Losing My Religion",0.99,352
"Angel Of Harlem",0.99,352
"Swing Low Sweet Chariot",0.99,352
"Breaking The Rules",0.99,352
"Ito Okashi",0.99,352
"Eu Sou Neguinha (Ao Vivo)",0.99,352
"Maria Maria",0.99,352
Breed,0.99,352
"Help Yourself",0.99,352
"2 Minutes To Midnight",0.99,352
"Under Pressure",0.99,352
"Let Me Love You Baby",0.99,352
"Cold Turkey",0.99,352
Changes,0.99,352
"A Banda",0.99,352
"Down By The Seaside",0.99,352
"Século XXI",0.99,352
Malpractice,0.99,352
Ligia,0.99,352
"Stone Free",0.99,352
Go,0.99,352
Showcase,0.99,352
"Sincero Breu",0.99,352
"Salve Nossa Senhora",0.99,352
"Back in the Village",0.99,352
"Doesn't Remind Me",0.99,352
"Encontrar Alguém",0.99,352
"Brain Damage",0.99,352
"The Three Sunrises",0.99,352
"High Ball Shooter",0.99,352
Formigueiro,0.99,352
Sanctuary,0.99,352
"Walking Contradiction",0.99,352
"...And Justice For All",0.99,352
"This Is Radio Clash",0.99,352
"Say Hello 2 Heaven",0.99,352
"Don't Cry",0.99,352
"Felicidade Urgente",0.99,352
"O Último Romântico (Ao Vivo)",0.99,352
Maquinarama,0.99,352
"Walking After You",0.99,352
"A Statistic",0.99,352
"Going To California",0.99,352
"You Are The Everything",0.99,352
"Silver And Gold",0.99,352
"Blue Train",0.99,352
"Lightning Strikes Twice",0.99,352
"Rita Lee",0.99,352
"É Fogo",0.99,352
"Under My Thumb",0.99,352
"Peer Gynt Suite No.1, Op.46: 1. Morning Mood",0.99,352
"Gates Of Tomorrow",0.99,352
"Of Wolf And Man",0.99,352
Outshined,0.99,352
Sozinho,0.99,352
"I Can't Quit You Baby",0.99,352
"The First Time",0.99,352
"San Francisco Bay Blues",0.99,352
Angel,0.99,352
"King For A Day",0.99,352
"F*Ckin' Up",0.99,352
E.S.P.,0.99,352
Elza,0.99,352
"Pictures Of Lily",0.99,352
"Symphony No. 2, Op. 16 -  "The Four Temperaments": II. Allegro Comodo e Flemmatico",0.99,352
Sanctuary,0.99,352
"Love Gun",0.99,352
"Mama Said",0.99,352
"Sabbath, Bloody Sabbath",0.99,352
"Homecoming / The Death Of St. Jimmy / East 12th St. / Nobody Likes You / Rock And Roll Girlfriend / We're Coming Home Again",0.99,352
Manguetown,0.99,352
"Música De Trabalho",0.99,352
"I Could Die For You",0.99,352
"One I Want",0.99,352
Epic,0.99,352
Playtime,0.99,352
"Bad Seed",0.99,352
"Sting Me",0.99,352
"Instinto Colectivo",0.99,352
"You Ain't the First",0.99,352
"Soldado Da Paz",0.99,352
"Rock And Roll Is Dead",0.99,352
"Fly By Night",0.99,352
"Samba Do Jato",0.99,352
"Super Terrorizer",0.99,352
"Ram It Down",0.99,352
Flash,0.99,352
"One Step Closer",0.99,352
Outbreak,0.99,352
"Down On The Corner",0.99,352
SKA,0.99,352
"Homem Primata (Vinheta)",0.99,352
"Começaria Tudo Outra Vez",0.99,352
Brasil,0.99,352
"The Messiah: Behold, I Tell You a Mystery... The Trumpet Shall Sound",0.99,352
Prowler,0.99,352
"Sam With The Showing Scalp Flat Top",0.99,352
"When I Had Your Love",0.99,352
"Blissed & Gone",0.99,352
Dujji,0.99,352
"The Alchemist",0.99,352
"So Fast, So Numb",0.99,352
Desire,0.99,352
"Bell Bottom Blues",0.99,352
"Say It Loud, I'm Black And I'm Proud Pt.1",0.99,352
"Beach Sequence",0.99,352
"Gatas Extraordinárias",0.99,352
"Put Your Lights On",0.99,352
"Scentless Apprentice",0.99,352
"Sister Awake",0.99,352
"I Heard Love Is Blind",0.99,352
Purgatory,0.99,352
"The More I See",0.99,352
"Hit The Lights",0.99,352
Crossfire,0.99,352
"#9 Dream",0.99,352
"Straight Out Of Line",0.99,352
"Todo Mundo Explica",0.99,352
"Little Guitars (Intro)",0.99,352
RV,0.99,352
"Real Thing",0.99,352
Fire,0.99,352
Oceans,0.99,352
"The Unwritten Law",0.99,352
"I Feel Good (I Got You) - Sossego",0.99,352
"Não Vou Ficar",0.99,352
"Flash of The Blade",0.99,352
"The Last Remaining Light",0.99,352
"As Dores do Mundo",0.99,352
"The Great Gig In The Sky",0.99,352
"Love Don't Mean a Thing",0.99,352
"Samba Em Prelúdio",0.99,352
"Uma Brasileira",0.99,352
"Canário Do Reino",0.99,352
"Brain Stew",0.99,352
"All Within My Hands",0.99,352
Estranged,0.99,352
Sereia,0.99,352
"Três Lados",0.99,352
"Samba pras moças",0.99,352
"See You",0.99,352
"Body Count's In The House",0.99,352
"Dazed And Confused",0.99,352
"Radio Song",0.99,352
"I Still Haven't Found What I'm Looking for",0.99,352
"Um Amor Puro",0.99,352
"Night Time Is The Right Time",0.99,352
"Shining In The Light",0.99,352
Futureal,0.99,352
"Chão De Estrelas",0.99,352
"O Que Vai Em Meu Coração",0.99,352
"Get Off Of My Cloud",0.99,352
"Romeo et Juliette: No. 11 - Danse des Chevaliers",0.99,352
"Wildest Dreams",0.99,352
"Maria Fumaça",0.99,352
"Through The Never",0.99,352
"Get On The Snake",0.99,352
"Opachorô (Live)",0.99,352
Saudosismo,0.99,352
"Black Mountain Side",0.99,352
"Can't Get There From Here",0.99,352
Lemon,0.99,352
"Walkin' Blues",0.99,352
"Blind Man",0.99,352
"Destitute Illusions",0.99,352
Nothingman,0.99,352
"Eleanor Rigby",0.99,352
"So What",0.99,352
"Às Vezes",0.99,352
"Sing Joyfully",0.99,352
"Hard Luck Woman",0.99,352
Cure,0.99,352
Crackerman,0.99,352
Letterbomb,0.99,352
"Maracatu Atômico",0.99,352
"Stairway To Heaven",0.99,352
"The Zephyr Song",0.99,352
"On Fire",0.99,352
"God Gave Rock 'n' Roll To You",0.99,352
Chaos-Control,0.99,352
"One For The Road",0.99,352
"Don't Cry (Original)",0.99,352
Dezesseis,0.99,352
Anthem,0.99,352
"So Por Amor",0.99,352
"In Your Honor",0.99,352
"Do what cha wanna",0.99,352
"Freewheel Burning",0.99,352
"Save Me",0.99,352
"A Man And A Woman",0.99,352
Otay,0.99,352
"Green River",0.99,352
"32 Dentes",0.99,352
"De Ja Vu",0.99,352
"Grito De Alerta",0.99,352
"Paisagem Na Janela",0.99,352
"Edie (Ciao Baby)",0.99,352
"Canon and Gigue in D Major: I. Canon",0.99,352
"Lord of Light",0.99,352
"You Shook Me(2)",0.99,352
"O Xote Das Meninas",0.99,352
Winterlong,0.99,352
Zambação,0.99,352
"Trupets Of Jericho",0.99,352
"No Quarter",0.99,352
"The Unforgettable Fire",0.99,352
"Put The Finger On You",0.99,352
"Papa's Got A Brand New Bag Pt.1",0.99,352
Slug,0.99,352
Molina,0.99,352
Tradição,0.99,352
"Been A Son",0.99,352
"Mean Disposition",0.99,352
"Intro / Stronger Than Me",0.99,352
"Another Life",0.99,352
"So What",0.99,352
"Little Linda",0.99,352
"Toda Menina Baiana",0.99,352
Tatuagem,0.99,352
"Out On The Tiles",0.99,352
"As Profecias",0.99,352
Secrets,0.99,352
Confusion,0.99,352
"Can You See Me",0.99,352
Alive,0.99,352
"Nobody's Home",0.99,352
Bora-Bora,0.99,352
"O Descobridor Dos Sete Mares",0.99,352
"2 Minutes To Midnight",0.99,352
Exploder,0.99,352
"Santa Clara Clareou",0.99,352
"Crystal Ball",0.99,352
"Walk On",0.99,352
Fortuneteller,0.99,352
Deixa,0.99,352
"La Bella Luna",0.99,352
"Padre Cícero",0.99,352
"Fear Of The Dark",0.99,352
She,0.99,352
"My World",0.99,352
"(White Man) In Hammersmith Palais",0.99,352
"Love Comes",0.99,352
"Sábado A Noite",0.99,352
Ro-Que-Se-Da-Ne,0.99,352
"So Beautiful",0.99,352
"Camarão que Dorme e Onda Leva",0.99,352
"Hey, Johnny Park!",0.99,352
"Under The Sun/Every Day Comes and Goes",0.99,352
"Since I've Been Loving You",0.99,352
"Shiny Happy People",0.99,352
"Hawkmoon 269",0.99,352
"Tombstone Shadow",0.99,352
Paranoid,0.99,352
"2 A.M.",0.99,352
"Dirty Love",0.99,352
"Time Is On My Side",0.99,352
"Two Fanfares for Orchestra: II. Short Ride in a Fast Machine",0.99,352
"Dream Of Mirrors",0.99,352
"Mistério da Raça",0.99,352
"Holier Than Thou",0.99,352
"Loud Love",0.99,352
"Estrela (Live)",0.99,352
"Texto "Verdade Tropical"",0.99,352
"Pretty Persuasion",0.99,352
Babyface,0.99,352
"Nobody Knows You When You're Down & Out",0.99,352
"Janie's Got A Gun",0.99,352
"Black Capricorn Day",0.99,352
MFC,0.99,352
"Metrô. Linha 743",0.99,352
"'Round Midnight",0.99,352
"O Braço Da Minha Guitarra",0.99,352
"Anyway, Anyhow, Anywhere",0.99,352
"Symphony No. 2: III. Allegro vivace",0.99,352
"Afraid To Shoot Strangers",0.99,352
"The Show Must Go On",0.99,352
"King Nothing",0.99,352
Plush,0.99,352
"Sympton of the Universe",0.99,352
"Um Passeio No Mundo Livre",0.99,352
"Dazed And Confused",0.99,352
"By The Way",0.99,352
"Atomic Punk",0.99,352
"Take This Bottle",0.99,352
"Dust N' Bones",0.99,352
"Da Lama Ao Caos",0.99,352
"Meninos E Meninas",0.99,352
Freewill,0.99,352
"Tudo Na Mais Santa Paz",0.99,352
"Medo De Escuro",0.99,352
"Moon germs",0.99,352
"Bicycle Race",0.99,352
"Rock Of Ages",0.99,352
"Bad Moon Rising",0.99,352
"Quase Um Segundo",0.99,352
"Heaven Can Wait",0.99,352
"Coração De Estudante",0.99,352
"Wild Hearted Son",0.99,352
Moth,0.99,352
"The Pilgrim",0.99,352
"Travelling Riverside Blues",0.99,352
"Dança Da Solidão",0.99,352
"Entrando Na Sua (Intro)",0.99,352
"Gates Of Urizen",0.99,352
"Bittersweet Me",0.99,352
"I Still Haven't Found What I'm Looking For",0.99,352
Layla,0.99,352
"Restless and Wild",0.99,352
"Night Train",0.99,352
"Sons Of Freedom",0.99,352
"(Wish I Could) Hideaway",0.99,352
"União Da Ilha",0.99,352
Intro,0.99,352
"Sweethearts Together",0.99,352
"You Know I'm No Good (feat. Ghostface Killah)",0.99,352
"09 - Iron Maiden",0.99,352
"Die Die My Darling",0.99,352
Breadfan,0.99,352
Heliopolis,0.99,352
"Aquele Abraço",0.99,352
"Bye, Bye Brasil",0.99,352
"Celebration Day",0.99,352
"O Dia Em Que A Terra Parou",0.99,352
"Hang 'Em High",0.99,352
"Home Sick Home",0.99,352
"I Can't Remember",0.99,352
"Lazy Gun",0.99,352
"1/2 Full",0.99,352
"No One Came",0.99,352
"Up An' Atom",0.99,352
Manguetown,0.99,352
"To Tame A Land",0.99,352
"Cold Gin",0.99,352
"The Memory Remains",0.99,352
Duende,0.99,352
"Guess Who's Back",0.99,352
"Por Que Será",0.99,352
"Tendo A Lua",0.99,352
"Eu Amo Você",0.99,352
"Sign Of The Cross",0.99,352
"Some Kind Of Monster",0.99,352
"White Riot",0.99,352
Yesterdays,0.99,352
Doutor,0.99,352
"A Cura",0.99,352
Stars,0.99,352
"Feirinha da Pavuna/Luz do Repente/Bagaço da Laranja",0.99,352
"Burn Away",0.99,352
"Immigrant Song",0.99,352
"It's Late",0.99,352
"Wake Up Dead Man",0.99,352
"Born On The Bayou",0.99,352
"Iron Man",0.99,352
Insensível,0.99,352
"O Leaozinho",0.99,352
Jailbait,0.99,352
"King Of Pain",0.99,352
"Fantasia On Greensleeves",0.99,352
"Ghost Of The Navigator",0.99,352
"Água de Beber",0.99,352
"It's a Mistake",0.99,352
"Nothing To Say",0.99,352
"Refavela (Live)",0.99,352
Terra,0.99,352
"When The Levee Breaks",0.99,352
Surrender,0.99,352
"Tears In Heaven",0.99,352
"Rag Doll",0.99,352
"Blow Your Mind",0.99,352
"Given To Fly",0.99,352
E.C.T.,0.99,352
Jeru,0.99,352
"Quem Mata A Mulher Mata O Melhor",0.99,352
"Act IV, Symphony",0.99,352
"From Here To Eternity",0.99,352
Creep,0.99,352
"[Just Like] Starting Over",0.99,352
"Are We The Waiting",0.99,352
"O Cidadão Do Mundo",0.99,352
"Rock & Roll",0.99,352
"Sir Psycho Sexy",0.99,352
"Cuckoo For Caca",0.99,352
"Like a Stone",0.99,352
"Os Alquimistas Estão Chegando",0.99,352
"Wanted Dread And Alive",0.99,352
Acrobat,0.99,352
"The Cut Runs Deep",0.99,352
"Rios Pontes & Overdrives",0.99,352
Indios,0.99,352
"Dirty Little Thing",0.99,352
Avisa,0.99,352
"Good Golly Miss Molly",0.99,352
"Enquanto O Dia Não Vem",0.99,352
"Another One Bites The Dust",0.99,352
Vertigo,0.99,352
"When Love & Hate Collide",0.99,352
Perplexo,0.99,352
Flores,0.99,352
"Caught Somewhere in Time",0.99,352
Slave,0.99,352
"I Don't Wanna Be Kissed (By Anyone But You)",0.99,352
"Lil' Evil",0.99,352
"Until We Fall",0.99,352
"These Colours Don't Run",0.99,352
"Dazed and Confused",0.99,352
"De Noite Na Cama",0.99,352
"My Mistake",0.99,352
"Bad, Bad Leroy Brown",0.99,352
"Killing Floor",0.99,352
"Over The Hills And Far Away",0.99,352
Leave,0.99,352
"New Year's Day",0.99,352
"Maria Rosa",0.99,352
"Heart In Your Hand",0.99,352
"Before You Accuse Me",0.99,352
Viradouro,0.99,352
"Primal Scream",0.99,352
"Moon Is Up",0.99,352
"Some Unholy War",0.99,352
"04 - Running Free",0.99,352
"Am I Evil?",0.99,352
"Song For Lorraine",0.99,352
"Tempo Rei",0.99,352
"Vai Passar",0.99,352
"Immigrant Song",0.99,352
Bê-a-Bá,0.99,352
"Got That Feeling",0.99,352
"Sea Of Sorrow",0.99,352
"Radio Song",0.99,352
"Get Right",0.99,352
"Boogie Blues",0.99,352
"Vulcão Dub - Fui Eu",0.99,352
"Join Together",0.99,352
"The Trooper",0.99,352
Beth,0.99,352
"Damage Inc.",0.99,352
"The Sun Road",0.99,352
"Top O' The Morning To Ya",0.99,352
"Como É Duro Trabalhar",0.99,352
Caleidoscópio,0.99,352
Você,0.99,352
Wrathchild,0.99,352
"Poprocks And Coke",0.99,352
"The Call Of Ktulu",0.99,352
"Hard To Handle",0.99,352
"Civil War",0.99,352
"Falar A Verdade",0.99,352
Satisfação,0.99,352
"It's Only Love",0.99,352
"Coração Em Desalinho",0.99,352
"Disenchanted Lullaby",0.99,352
"Tomorrow's Dream",0.99,352
"Nothin' To Lose",0.99,352
"Sleep On The Sidewalk",0.99,352
"Nem Um Dia",0.99,352
"Walking On The Water",0.99,352
"Flying High Again",0.99,352
"Caras Como Eu",0.99,352
"Fortunes Of War",0.99,352
"Menino Do Rio",0.99,352
"Live To Win",0.99,352
"De Do Do Do, De Da Da Da",0.99,352
"Karelia Suite, Op.11: 2. Ballade (Tempo Di Menuetto)",0.99,352
"Heaven Can Wait",0.99,352
"Mas Que Nada",0.99,352
"Everything I Need",0.99,352
"Prenda Minha",0.99,352
"Misty Mountain Hop",0.99,352
"Perfect Circle",0.99,352
"Before You Accuse Me",0.99,352
"Hell Ain't A Bad Place To Be",0.99,352
"Hooked Up",0.99,352
"Iron Maiden",0.99,352
"Do You Have Other Loves?",0.99,352
"Adios nonino",0.99,352
"Phantom Of The Opera",0.99,352
"Who Wants To Live Forever",0.99,352
"Ain't My Bitch",0.99,352
"Sex Type Thing",0.99,352
"Construção / Deus Lhe Pague",0.99,352
"Hots On For Nowhere",0.99,352
"Can't Stop Loving You",0.99,352
"The Gentle Art Of Making Enemies",0.99,352
"Mama Africa",0.99,352
"Jah Seh No",0.99,352
"So Cruel",0.99,352
"Hey Cisco",0.99,352
"Banditismo Por Uma Questa",0.99,352
Será,0.99,352
Porcelain,0.99,352
Headspace,0.99,352
"Xote Dos Milagres",0.99,352
"Rock 'N' Roll Music",0.99,352
Papelão,0.99,352
"Se Liga",0.99,352
"Two Steps Behind [Acoustic Version]",0.99,352
"Garota de Ipanema (Dick Farney)",0.99,352
"O Beco",0.99,352
Marvin,0.99,352
"River Song",0.99,352
"The Meaning Of The Blues",0.99,352
"Disappearing Act",0.99,352
"Jacob's Ladder",0.99,352
"My Love",0.99,352
"Tempos Modernos",0.99,352
"Lucky 13",0.99,352
"It Was A Very Good Year",0.99,352
"Ozone Baby",0.99,352
"New Test Leper",0.99,352
"Bullet The Blue Sky",0.99,352
"As Aparências Enganam",0.99,352
"Trampled Under Foot",0.99,352
"Home Sweet Home",0.99,352
"Love Is Strong",0.99,352
"Tears Dry On Their Own",0.99,352
"Fear Of The Dark",0.99,352
"Crash Course In Brain Surgery",0.99,352
"Bleed Together",0.99,352
Sampa,0.99,352
"Sozinho (Hitmakers Classic Mix)",0.99,352
"Puteiro Em João Pessoa",0.99,352
"Higher Ground",0.99,352
"Ashes To Ashes",0.99,352
"Rollover D.J.",0.99,352
Cropduster,0.99,352
"Flight Of The Rat",0.99,352
"Let Me Off Uptown",0.99,352
"Protesto Do Olodum (Ao Vivo)",0.99,352
"Let's See Action",0.99,352
"Bring Your Daughter... ...To The Slaughter",0.99,352
"God Of Thunder",0.99,352
"Sad Statue",0.99,352
Salutations,0.99,352
"Think About You",0.99,352
"Pot-Pourri N.º 5",0.99,352
"Life During Wartime",0.99,352
"O Que Me Importa",0.99,352
"Ghost Of The Navigator",0.99,352
"Best Thing",0.99,352
"Fade To Black",0.99,352
"Dead Horse",0.99,352
Casa,0.99,352
"Funky Piano",0.99,352
"Sweet Lady Luck",0.99,352
Razor,0.99,352
N.I.B.,0.99,352
"I Still Love You",0.99,352
"Fight From The Inside",0.99,352
"Staring At The Sun",0.99,352
Acelerou,0.99,352
Believer,0.99,352
Domingo,0.99,352
"Lord Of The Flies",0.99,352
"Podres Poderes",0.99,352
"Can't Stand Losing You",0.99,352
"Concerto No.2 in F Major, BWV1047, I. Allegro",0.99,352
"Wasting Love",0.99,352
"Ipiranga 2001",0.99,352
"Down Under",0.99,352
"Ava Adore",0.99,352
Pau-De-Arara,0.99,352
"My Time After Awhile",0.99,352
"Rock & Roll",0.99,352
"Carnival Of Sorts",0.99,352
"Like A Song...",0.99,352
"Problem Child",0.99,352
"When You Gonna Learn (Digeridoo)",0.99,352
"Women In Uniform",0.99,352
"Palavras Ao Vento",0.99,352
"Um Love",0.99,352
"On A Plain",0.99,352
"Army Ants",0.99,352
"A Midsummer Night's Dream, Op.61 Incidental Music: No.7 Notturno",0.99,352
"Running Free",0.99,352
"It's A Hard Life",0.99,352
"Seek & Destroy",0.99,352
"Riviera Paradise",0.99,352
"Jealous Guy",0.99,352
"American Idiot",0.99,352
"Trocando Em Miúdos",0.99,352
"Achilles Last Stand",0.99,352
"I Could Have Lied",0.99,352
Dreams,0.99,352
"Master Of Puppets",0.99,352
"Lords of Karma",0.99,352
Leash,0.99,352
"Even Better Than The Real Thing",0.99,352
"Cascades : I'm Not Your Lover",0.99,352
"Quando Você Voltar",0.99,352
"Get On Top",0.99,352
"Big Machine",0.99,352
"Woodpecker From Mars",0.99,352
"Long Tall Sally",0.99,352
"Voce Inteira",0.99,352
"One Man's Meat",0.99,352
"Cinema Mudo",0.99,352
"Os Cegos Do Castelo",0.99,352
"Seventh Son of a Seventh Son",0.99,352
"Macy's Day Parade",0.99,352
Breathe,0.99,352
"Billie Jean",0.99,352
Millenium,0.99,352
Lavadeira,0.99,352
"White Feather",0.99,352
"Os Exilados",0.99,352
"My Kind Of Town",0.99,352
"Body Count Anthem",0.99,352
"Poor Tom",0.99,352
"How The West Was Won And Where It Got Us",0.99,352
"God Part II",0.99,352
Fascinação,0.99,352
"You Fool No One",0.99,352
"Wild Side",0.99,352
Respectable,0.99,352
"Just Friends",0.99,352
"The Fugitive",0.99,352
"Momentos Que Marcam",0.99,352
"The Small Hours",0.99,352
"A Paz",0.99,352
"Atrás Da Verd-E-Rosa Só Não Vai Quem Já Morreu",0.99,352
"Thank You",0.99,352
"A Sua",0.99,352
"Here I Am (Come And Take Me)",0.99,352
Helpless,0.99,352
Forgiven,0.99,352
"Morning Glory",0.99,352
"Inside Job",0.99,352
"You Keep On Moving",0.99,352
"Baba O'Riley",0.99,352
"The Assassin",0.99,352
"I Was Made For Loving You",0.99,352
"Welcome Home (Sanitarium)",0.99,352
"I Can't Explain",0.99,352
"Mr. Brownstone",0.99,352
"Samba Da Volta",0.99,352
"Navegar Impreciso",0.99,352
Intro,0.99,352
"When Evening Falls",0.99,352
"Ride The Lightning",0.99,352
"Black Moon Creeping",0.99,352
"Funk de Bamba",0.99,352
"Onde Você Mora?",0.99,352
"Assim Caminha A Humanidade",0.99,352
"Evil Ways",0.99,352
"You're Gonna Break My Hart Again",0.99,352
"Over And Out",0.99,352
"Blood In The Wall",0.99,352
"Do You Love Me",0.99,352
"All Dead, All Dead",0.99,352
Mofo,0.99,352
Se...,0.99,352
"Long As I Can See The Light",0.99,352
"No More Tears",0.99,352
"Ponto De Interrogação",0.99,352
"Ponta de Areia",0.99,352
"I Looked At You",0.99,352
"Iron Maiden",0.99,352
"Camisa Verde 2001",0.99,352
Praise,0.99,352
Juazeiro,0.99,352
Texarkana,0.99,352
Seconds,0.99,352
"Wonderful Tonight",0.99,352
"Go Down",0.99,352
"Living In America",0.99,352
Prowler,0.99,352
"Meu Mundo Fica Completo (Com Você)",0.99,352
Manuel,0.99,352
Polly,0.99,352
"Life Line",0.99,352
"Prometheus Overture, Op. 43",0.99,352
"The Number Of The Beast",0.99,352
"I Want To Break Free",0.99,352
Whiplash,0.99,352
"Wall Of Denial",0.99,352
"Oh, My Love",0.99,352
"I Fucking Hate You",0.99,352
"Boogie With Stu",0.99,352
"If You Have To Ask",0.99,352
Jump,0.99,352
"A Small Victory",0.99,352
"O Boto (Bôto)",0.99,352
"Always With Me, Always With You",0.99,352
W.M.A.,0.99,352
"Vavoom : Ted The Mechanic",0.99,352
"Underwater Love",0.99,352
Dandelion,0.99,352
Onibusfobia,0.99,352
"O Bicho Tá Pregando",0.99,352
"Bass Trap",0.99,352
"Ramshackle Man",0.99,352
"Caçador de Mim (Sá & Guarabyra)",0.99,352
Caleidoscópio,0.99,352
"Prá Dizer Adeus",0.99,352
"Can I Play With Madness",0.99,352
"The Frayed Ends Of Sanity",0.99,352
"War (The Process)",0.99,352
"All Night Thing",0.99,352
"Deep Waters",0.99,352
"Tapa Aqui, Descobre Ali",0.99,352
"Waterhole (Expresso Bongo)",0.99,352
"Zé Trindade",0.99,352
"What Now My Love",0.99,352
"Thank You",0.99,352
"I Remember California",0.99,352
"When Love Comes To Town",0.99,352
"Alô, Alô, Marciano",0.99,352
Stormbringer,0.99,352
Demorou!,0.99,352
Corinna,0.99,352
"You Know I'm No Good",0.99,352
"Afraid To Shoot Strangers",0.99,352
"Only A Dream In Rio",0.99,352
"The Struggle Within",0.99,352
"The Day I Tried To Live",0.99,352
Refazenda,0.99,352
"Linha Do Equador",0.99,352
"What Is And What Should Never Be",0.99,352
"It's The End Of The World As We Know It (And I Feel Fine)",0.99,352
"I Would Do For You",0.99,352
"You Oughta Know",0.99,352
"Manifest Destiny",0.99,352
Drifter,0.99,352
"Jean Pierre (Live)",0.99,352
Denúncia,0.99,352
"Pinball Wizard",0.99,352
"No Prayer For The Dying",0.99,352
"Master Of Puppets",0.99,352
Cigaro,0.99,352
"Loving You Sunday Morning",0.99,352
"It's So Easy",0.99,352
"Interlude Zumbi",0.99,352
Dezesseis,0.99,352
"Around The World",0.99,352
Primary,0.99,352
Powerslave,0.99,352
Believe,0.99,352
"Low Man's Lyric",0.99,352
"Miracle To Me",0.99,352
"Todo o Carnaval tem seu Fim",0.99,352
"Double Talkin' Jive",0.99,352
"Podes Crer",0.99,352
"I Belong To You",0.99,352
Persuasion,0.99,352
"Looking For Love",0.99,352
"What If I Do?",0.99,352
"The Begining... At Last",0.99,352
"Comin' Home",0.99,352
Discotheque,0.99,352
"Up Around The Bend",0.99,352
"Querem Meu Sangue",0.99,352
"Run to the Hills",0.99,352
"Eu Apenas Queria Que Voçê Soubesse",0.99,352
"Beijo Partido",0.99,352
"Twentienth Century Fox",0.99,352
"Requiem, Op.48: 4. Pie Jesu",0.99,352
"Run To The Hilss",0.99,352
"X-9 2001",0.99,352
"Forty Days Instrumental",0.99,352
"Let Me Love You Baby",0.99,352
Carouselambra,0.99,352
Low,0.99,352
"All I Want Is You",0.99,352
"Night Of The Long Knives",0.99,352
"Get Up Offa That Thing",0.99,352
"Coroné Antonio Bento",0.99,352
"El Farol",0.99,352
"Smells Like Teen Spirit",0.99,352
"The River (Remix)",0.99,352
"Amy Amy Amy (Outro)",0.99,352
"The Trooper",0.99,352
"Radio GA GA",0.99,352
"Jump In The Fire",0.99,352
"Leave My Girl Alone",0.99,352
"Whatever Gets You Thru the Night",0.99,352
"Make Me Believe",0.99,352
"Minha Historia",0.99,352
"Ten Years Gone",0.99,352
"Rock Das Aranhas (Ao Vivo) (Live)",0.99,352
"Ain't Talkin' 'bout Love",0.99,352
Kindergarten,0.99,352
"Falando De Amor",0.99,352
"The Wind Cries Mary",0.99,352
Animal,0.99,352
"Pictures Of Home",0.99,352
"Pot-Pourri N.º 4",0.99,352
"Você Fugiu",0.99,352
"Drown Me Slowly",0.99,352
"Dance Enquanto é Tempo",0.99,352
"Hip Hop Rio",0.99,352
"Spanish Eyes",0.99,352
"The Battle Rages On",0.99,352
"Chão de Giz (Elba Ramalho)",0.99,352
"Ela Disse Adeus",0.99,352
"Run To The Hills",0.99,352
"Stuck With Me",0.99,352
"Eye Of The Beholder",0.99,352
"Know Your Rights",0.99,352
"Call Me a Dog",0.99,352
Colibri,0.99,352
"Livre Pra Viver",0.99,352
"Pseudo Silk Kimono",0.99,352
Fica,0.99,352
"New York, New York",0.99,352
"That's The Way",0.99,352
"The Wrong Child",0.99,352
"Casa no Campo",0.99,352
"Posso Perder Minha Mulher, Minha Mãe, Desde Que Eu Tenha O Rock And Roll",0.99,352
"Já Foi",0.99,352
"You Got Me Rocking",0.99,352
"Symphony No. 41 in C Major, K. 551, "Jupiter": IV. Molto allegro",0.99,352
"Face In The Sand",0.99,352
"Eu Vim Da Bahia - Live",0.99,352
"The God That Failed",0.99,352
"Rusty Cage",0.99,352
"De Ouro E Marfim (Live)",0.99,352
"Esse Cara",0.99,352
Cuyahoga,0.99,352
"Old Love",0.99,352
"Livin' On The Edge",0.99,352
"Deeper Underground",0.99,352
"World Wide Suicide",0.99,352
"Comin' Home",0.99,352
Nefertiti,0.99,352
"I Can See For Miles",0.99,352
"Étude 1, In C Major - Preludio (Presto) - Liszt",0.99,352
Tailgunner,0.99,352
Deuce,0.99,352
"The Outlaw Torn",0.99,352
B.Y.O.B.,0.99,352
"Iron Man/Children of the Grave",0.99,352
"Um Satélite Na Cabeça",0.99,352
Aloha,0.99,352
"Dirty Water Dog",0.99,352
"Falling To Pieces",0.99,352
"Where The Wild Things Are",0.99,352
"Sometimes Salvation",0.99,352
"Chapa o Coco",0.99,352
"Bad Obsession",0.99,352
Firmamento,0.99,352
"Finding My Way",0.99,352
"Still Of The Night",0.99,352
"Free Me",0.99,352
"Bored To Tears",0.99,352
"Diamonds And Rust (Live)",0.99,352
"Seven Seas Of Rhye",0.99,352
"Original Of The Species",0.99,352
"Baltimore, DC",0.99,352
"Fortunate Son",0.99,352
"Bark at the Moon",0.99,352
"Homem Primata",0.99,352
"Hallowed Be Thy Name",0.99,352
"Diga Lá, Coração",0.99,352
"Para Lennon E McCartney",0.99,352
"Sweet Soul Sister",0.99,352
"Symphony No. 104 in D Major "London": IV. Finale: Spiritoso",0.99,352
Transylvania,0.99,352
"Advance Romance",0.99,352
"Seek And You Shall Find",0.99,352
Rhinocerous,0.99,352
"Meu Guarda-Chuva",0.99,352
Realword,0.99,352
"Fool In The Rain",0.99,352
Electrolite,0.99,352
"When Love Comes To Town",0.99,352
"After Midnight",0.99,352
"Evil Walks",0.99,352
"Get Up (I Feel Like Being A) Sex Machine",0.99,352
"Miss Sarajevo",0.99,352
"Do You Like The Way",0.99,352
Polly,0.99,352
"Take the Box",0.99,352
Drifter,0.99,352
"A Kind Of Magic",0.99,352
"The Four Horsemen",0.99,352
Tightrope,0.99,352
Faceless,0.99,352
"Apesar De Você",0.99,352
"Hats Off To (Roy) Harper",0.99,352
"Little Guitars",0.99,352
"Everything's Ruined",0.99,352
"Hey Joe",0.99,352
Porch,0.99,352
Hush,0.99,352
"Jungle Drums",0.99,352
"Uns Dias",0.99,352
Duelists,0.99,352
"Your Time Has Come",0.99,352
"Vou Pra Ai",0.99,352
"Any Colour You Like",0.99,352
"New York",0.99,352
"You Can't Do it Right (With the One You Love)",0.99,352
"Carta Ao Tom 74",0.99,352
"Luis Inacio (300 Picaretas)",0.99,352
Balanço,0.99,352
"Hallowed Be Thy Name",0.99,352
Jaded,0.99,352
Blackened,0.99,352
Bankrobber,0.99,352
"You Could Be Mine",0.99,352
"Amor Demais",0.99,352
"Assaltaram A Gramática",0.99,352
Muçulmano,0.99,352
Verdade,0.99,352
Everlong,0.99,352
"Body Count",0.99,352
"Stairway To Heaven",0.99,352
"Freedom For My People",0.99,352
"Atrás da Porta",0.99,352
"Cotton Fields",0.99,352
"When The World Was Young",0.99,352
"The Angel And The Gambler",0.99,352
"Vida De Cachorro",0.99,352
"Aos Leões",0.99,352
"Paint It Black",0.99,352
"Dance Of Death",0.99,352
"Jesus Christ Pose",0.99,352
"Copacabana (Live)",0.99,352
Carolina,0.99,352
"Communication Breakdown",0.99,352
"Stay (Faraway, So Close!)",0.99,352
Alberta,0.99,352
"Were Do We Go From Here",0.99,352
Black,0.99,352
Socorro,0.99,352
"The Pan Piper",0.99,352
"Happy Jack",0.99,352
"Metopes, Op. 29: Calypso",0.99,352
"Poor Twisted Me",0.99,352
"Where The River Goes",0.99,352
"Never Say Die",0.99,352
"Wake Me Up When September Ends",0.99,352
Sobremesa,0.99,352
"Can't Stop",0.99,352
Neworld,0.99,352
"From Out Of Nowhere",0.99,352
"De La Luz",0.99,352
Slither,0.99,352
"Feel It",0.99,352
"Computadores Fazem Arte",0.99,352
"Are You Gonna Go My Way",0.99,352
"Closer To The Heart",0.99,352
"Um Homem Chamado Alfredo",0.99,352
"No Way Back",0.99,352
"All For You",0.99,352
"Metal Meltdown",0.99,352
"Crumbs From Your Table",0.99,352
"Groovus Interruptus",0.99,352
"Será Que Vai Chover?",0.99,352
"Não Vou Lutar",0.99,352
"Children of the Damned",0.99,352
"Não Dá Mais Pra Segurar (Explode Coração)",0.99,352
Love,0.99,352
"Suite for Solo Cello No. 1 in G Major, BWV 1007: I. Prélude",0.99,352
"The Trooper",0.99,352
"Carolina Hard-Core Ecstasy",0.99,352
"You've Been A Long Time Coming",0.99,352
"Soot & Stars",0.99,352
"Funk Hum",0.99,352
"Machine Men",0.99,352
"The Ocean",0.99,352
Zither,0.99,352
Crossroads,0.99,352
"It's A Man's Man's Man's World",0.99,352
"Your Blue Room",0.99,352
"Born To Move",0.99,352
"Love Of My Life",0.99,352
"Spank Thru",0.99,352
"Walking Wounded",0.99,352
"F**k Me Pumps",0.99,352
"Genghis Khan",0.99,352
"Tuesday's Gone",0.99,352
"Damage Case",0.99,352
"Instant Karma",0.99,352
"Sítio Do Pica-Pau Amarelo",0.99,352
"O Que Será (À Flor Da Terra)",0.99,352
"That's The Way",0.99,352
"Sapato 36",0.99,352
"Dancing In The Street",0.99,352
"I Know Somethin (Bout You)",0.99,352
"May This Be Love",0.99,352
"Why Go",0.99,352
"Black Night",0.99,352
Overtime,0.99,352
"Vai Valer",0.99,352
"New Love",0.99,352
"Losfer Words",0.99,352
Hypnotize,0.99,352
"Filho Maravilha",0.99,352
Time,0.99,352
Stormbringer,0.99,352
"Pot-Pourri N.º 2",0.99,352
"Busca Vida",0.99,352
"Nosso Adeus",0.99,352
"Iron Maiden",0.99,352
"Geek Stink Breath",0.99,352
"Tommy Gun",0.99,352
"Muita Bobeira",0.99,352
"Pretty Tied Up",0.99,352
"Eu Também Quero Beijar",0.99,352
"Tudo Bem",0.99,352
"Água E Fogo",0.99,352
"Sapopemba e Maxambomba",0.99,352
"My Hero",0.99,352
"Smoked Pork",0.99,352
"Black Dog",0.99,352
"Me In Honey",0.99,352
Acelerou,0.99,352
"Wrote A Song For Everyone",0.99,352
Dee,0.99,352
"The Unbeliever",0.99,352
"Top Top",0.99,352
"Please Don't Touch",0.99,352
"As Tears Go By",0.99,352
"Wellington's Victory or the Battle Symphony, Op.91: 2. Symphony of Triumph",0.99,352
"All Star",0.99,352
"The Unforgiven",0.99,352
"Hands All Over",0.99,352
"Pela Internet (Live)",0.99,352
"Your Time Is Gonna Come",0.99,352
"Green Grow The Rushes",0.99,352
Numb,0.99,352
Layla,0.99,352
Amazing,0.99,352
"Soul Education",0.99,352
"Off He Goes",0.99,352
"Admirável Gado Novo",0.99,352
"Bye Bye Blackbird",0.99,352
"Mãe Terra",0.99,352
"I'm A Boy",0.99,352
"Partita in E Major, BWV 1006A: I. Prelude",0.99,352
"Heaven Can Wait",0.99,352
"Black Diamond",0.99,352
"Bleeding Me",0.99,352
"Wet My Bed",0.99,352
"Fairies Wear Boots",0.99,352
"Extraordinary Girl",0.99,352
"No Quarter",0.99,352
"This Is The Place",0.99,352
"Feel Your Love Tonight",0.99,352
"King For A Day",0.99,352
"Plaster Caster",0.99,352
"Black Light Syndrome",0.99,352
"Commercial 2",0.99,352
"Live and Let Die",0.99,352
"Maracatu De Tiro Certeiro",0.99,352
Giz,0.99,352
Xanadu,0.99,352
"Samba Pra Endrigo",0.99,352
Desaforo,0.99,352
Solo-Panhandler,0.99,352
"All Because Of You",0.99,352
Hysteria,0.99,352
Lodi,0.99,352
Selvagem,0.99,352
"Stranger in a Strange Land",0.99,352
"Wherever You May Go",0.99,352
"A Noite Do Meu Bem",0.99,352
"Love Removal Machine",0.99,352
"Show Me How to Live (Live at the Quart Festival)",0.99,352
"I Can't Quit You Baby(2)",0.99,352
"Segue O Seco",0.99,352
"Rock On",0.99,352
Nervosa,0.99,352
Jerusalem,0.99,352
"D'Yer Mak'er",0.99,352
"Be Mine",0.99,352
Bad,0.99,352
Badge,0.99,352
"Princess of the Dawn",0.99,352
"Out Of Sight",0.99,352
"United Colours",0.99,352
"It's Just A Thought",0.99,352
Caprichosos,0.99,352
"Smells Like Teen Spirit",0.99,352
"Suck On The Jugular",0.99,352
"Rehab (Hot Chip Remix)",0.99,352
"The Ides Of March",0.99,352
Astronomy,0.99,352
"It Doesn't Matter",0.99,352
Palco,0.99,352
"Atras Da Porta",0.99,352
"Since I've Been Loving You",0.99,352
"No Fundo Do Quintal Da Escola",0.99,352
Cathedral,0.99,352
Pristina,0.99,352
"It Ain't Like That",0.99,352
"Red House",0.99,352
Arc,0.99,352
"Knocking At Your Back Door",0.99,352
"Bop Boogie",0.99,352
"Um Amor, Um Lugar",0.99,352
Primavera,0.99,352
"Love Conquers All",0.99,352
Berimbau,0.99,352
"A Festa Do Santo Reis",0.99,352
"Dream Of Mirrors",0.99,352
"Invisible Kid",0.99,352
"Clash City Rockers",0.99,352
"Din Din Wo (Little Child)",0.99,352
"Shotgun Blues",0.99,352
"Na Frente Da TV",0.99,352
Aquilo,0.99,352
"For Your Babies",0.99,352
"Sem Essa de Malandro Agulha",0.99,352
"Monkey Wrench",0.99,352
"Laguna Sunrise",0.99,352
Heartbreaker,0.99,352
"My Melancholy Blues",0.99,352
Desire,0.99,352
"Flor De Lis",0.99,352
"Eu E Ela",0.99,352
"Blood On The World's Hands",0.99,352
"Fora Da Ordem",0.99,352
Dance,0.99,352
"Message in a Bottle (new classic rock mix)",0.99,352
"Concerto for Cello and Orchestra in E minor, Op. 85: I. Adagio - Moderato",0.99,352
"Blood Brothers",0.99,352
"Samba da Bençaco",0.99,352
Flower,0.99,352
"Quanta (Live)",0.99,352
"Eclipse Oculto",0.99,352
"You Shook Me",0.99,352
"Don't Go Back To Rockville",0.99,352
Zooropa,0.99,352
"What It Takes",0.99,352
"Planet Home",0.99,352
"Todo Amor Que Houver Nesta Vida",0.99,352
Compulsion,0.99,352
Mundaréu,0.99,352
"I Can't Explain",0.99,352
"The Evil That Men Do",0.99,352
"The Invisible Man",0.99,352
"Until It Sleeps",0.99,352
God,0.99,352
"St. Jimmy",0.99,352
Etnia,0.99,352
"Celebration Day",0.99,352
"They're Red Hot",0.99,352
"You Really Got Me",0.99,352
"Ugly In The Morning",0.99,352
"Set It Off",0.99,352
"Charles Anjo 45",0.99,352
"Pick Myself Up",0.99,352
"Love Is Blindness",0.99,352
"Right Next Door to Hell",0.99,352
"Samba Makossa",0.99,352
"Pais E Filhos",0.99,352
"Road Trippin'",0.99,352
"A Bencao E Outros",0.99,352
Principiando/Decolagem,0.99,352
"Spanish moss-"A sound portrait"-Spanish moss",0.99,352
"Hot Rockin'",0.99,352
"Fat Bottomed Girls",0.99,352
"Love And Peace Or Else",0.99,352
Action,0.99,352
"Proud Mary",0.99,352
"Me Liga",0.99,352
Palavras,0.99,352
"Sea of Madness",0.99,352
"Cry For Love",0.99,352
"Blues For Pablo (Alternate Take)",0.99,352
"Spirit Walker",0.99,352
"Shape of Things to Come",0.99,352
"Brighter Than a Thousand Suns",0.99,352
"Communication Breakdown(2)",0.99,352
"A Menina Dança",0.99,352
"Mack The Knife",0.99,352
"Book Of Thel",0.99,352
"The Crunge",0.99,352
Departure,0.99,352
"With Or Without You",0.99,352
"Aprendendo A Jogar",0.99,352
"Fast As a Shark",0.99,352
"Como Estais Amigos",0.99,352
"Pagan Baby",0.99,352
Mangueira,0.99,352
"Shout At The Devil",0.99,352
"Out Of Tears",0.99,352
"He Can Only Hold Her",0.99,352
"05 - Phantom of the Opera",0.99,352
"Turn The Page",0.99,352
Blitzkrieg,0.99,352
"Expresso 2222",0.99,352
Friends,0.99,352
"Maluco Beleza",0.99,352
"Where Have All The Good Times Gone?",0.99,352
"Paths Of Glory",0.99,352
"Bleed The Freak",0.99,352
"Green Disease",0.99,352
"Strange Kind Of Woman",0.99,352
"How High The Moon",0.99,352
"O Trem Da Juventude",0.99,352
"Squeeze Box",0.99,352
"Still Life",0.99,352
Strutter,0.99,352
Fuel,0.99,352
"Dark Corners",0.99,352
"Danny Boy, Danny Boy",0.99,352
